Timestep,Message ID,Data Length,Data_1,Data_2,Data_3,Data_4,Data_5,Data_6,Data_7,Data_8,Label
1,40108,8,120,119,193,157,177,23,174,73,1
2,10118,8,11,252,57,126,31,163,143,81,0
3,17256,8,201,110,124,210,71,93,114,218,0
4,61280,8,200,43,77,21,73,218,28,49,1
5,50667,8,59,85,111,15,105,236,67,242,0
6,12154,8,104,76,35,57,142,40,123,45,1
7,44439,8,190,99,104,132,102,254,137,244,1
8,45147,8,219,198,180,129,40,202,24,183,0
9,658,8,81,241,179,73,147,251,80,229,1
10,54419,8,110,185,230,238,157,30,237,149,0
11,29144,8,181,169,138,172,125,174,48,238,0
12,32387,8,48,134,86,176,236,207,217,37,1
13,23285,8,183,18,109,253,179,239,142,4,0
14,56175,8,176,57,22,211,205,66,71,227,1
15,15926,8,244,112,87,74,20,203,50,131,1
16,60185,8,70,54,70,208,110,82,106,190,0
17,37548,8,100,119,156,239,173,249,7,40,0
18,21021,8,239,116,92,118,104,226,144,54,1
19,42491,8,98,226,5,241,75,58,69,212,0
20,61942,8,17,51,79,122,30,253,171,176,1
21,54986,8,246,156,190,71,78,201,115,228,0
22,12321,8,209,117,94,225,102,237,19,63,1
23,41630,8,237,84,192,141,212,247,77,230,1
24,34690,8,37,84,110,24,161,240,52,64,1
25,7874,8,179,222,133,8,60,209,25,198,0
26,20618,8,238,134,35,200,38,250,162,121,1
27,8631,8,0,0,69,47,247,18,133,173,0
28,10870,8,95,94,142,74,29,65,54,88,0
29,23785,8,189,36,223,191,33,209,30,221,1
30,41438,8,1,69,48,163,177,137,187,50,1
31,43652,8,118,67,115,201,90,116,63,220,0
32,1174,8,132,206,241,88,39,97,231,93,1
33,26455,8,58,144,110,250,18,108,22,12,0
34,12367,8,192,93,174,81,124,182,146,55,0
35,25658,8,161,14,242,3,116,192,176,104,1
36,1569,8,68,40,110,121,96,108,37,9,1
37,6426,8,192,67,134,238,28,122,56,215,1
38,15884,8,254,163,76,179,100,67,175,68,1
39,14322,8,251,55,31,100,176,16,163,99,0
40,29670,8,135,83,204,48,147,164,143,173,0
41,38018,8,40,66,143,7,112,39,46,84,0
42,13387,8,69,246,116,31,48,56,170,34,0
43,57202,8,104,14,83,31,230,223,116,81,0
44,13957,8,130,20,137,32,7,239,221,27,0
45,64598,8,255,59,216,172,228,241,199,151,0
46,58178,8,105,73,147,203,235,48,20,44,0
47,16804,8,192,153,193,95,129,95,47,222,1
48,18660,8,39,116,163,183,244,175,223,113,1
49,28986,8,92,247,103,206,183,177,90,214,1
50,61511,8,225,195,98,253,77,26,64,215,1
51,49111,8,30,199,208,15,99,57,135,182,0
52,4208,8,121,160,190,208,210,101,255,51,0
53,31912,8,233,221,32,175,242,244,80,48,1
54,51613,8,248,2,24,171,23,198,31,247,1
55,26998,8,231,173,139,103,251,138,183,218,1
56,11980,8,103,115,117,145,103,86,130,199,1
57,45614,8,241,184,30,229,85,216,202,67,0
58,20945,8,190,203,219,59,114,176,197,186,0
59,54117,8,203,248,219,237,252,84,2,211,1
60,42701,8,182,196,208,23,80,60,243,107,1
61,39837,8,254,142,126,167,248,166,85,13,0
62,52322,8,184,109,233,24,111,123,237,139,0
63,57102,8,40,250,43,251,4,17,207,119,1
64,17999,8,243,135,189,115,8,72,79,103,0
65,6138,8,23,139,194,89,208,171,151,172,0
66,27824,8,215,143,146,87,76,92,29,139,0
67,1533,8,23,179,93,180,91,106,158,196,1
68,2741,8,95,131,22,111,65,10,82,118,0
69,51925,8,198,50,230,70,138,131,77,16,1
70,30195,8,244,21,82,194,183,186,80,249,1
71,3153,8,166,8,108,0,118,159,237,222,1
72,63566,8,7,206,74,22,13,55,85,6,1
73,29062,8,18,105,13,196,59,124,76,125,0
74,30148,8,214,79,200,106,67,47,245,42,0
75,33693,8,62,8,59,9,68,140,237,99,0
76,54021,8,23,249,22,203,140,9,64,160,1
77,7904,8,116,11,214,222,94,175,49,21,1
78,29484,8,102,151,173,100,174,104,25,83,1
79,49916,8,213,255,197,137,2,182,46,14,0
80,22868,8,108,68,7,1,119,246,251,60,1
81,8256,8,2,125,37,246,21,129,163,178,1
82,8607,8,251,241,199,36,40,197,188,105,0
83,46999,8,143,173,163,136,205,6,236,115,1
84,18663,8,251,94,115,25,101,112,244,98,1
85,45772,8,193,36,213,26,83,239,73,150,1
86,11159,8,184,131,230,110,94,81,134,157,0
87,33071,8,126,107,46,106,178,131,250,244,0
88,61907,8,20,30,55,166,205,184,66,137,1
89,37544,8,56,167,84,221,70,51,49,56,1
90,19908,8,134,52,177,218,30,225,31,217,1
91,28054,8,195,199,42,128,236,45,160,76,1
92,33729,8,163,139,140,156,195,57,191,120,0
93,8586,8,230,0,57,15,9,153,226,255,1
94,59182,8,54,115,148,106,15,21,219,204,0
95,40332,8,228,187,69,97,45,98,254,175,1
96,31842,8,253,96,104,150,38,142,111,89,1
97,16028,8,162,72,233,188,215,227,115,162,0
98,52976,8,230,100,216,138,101,6,46,215,1
99,24178,8,234,14,96,151,11,118,34,203,1
100,21328,8,194,181,195,39,43,222,253,242,1
2,42637,8,127,124,105,246,123,138,55,220,1
3,5149,8,160,44,71,132,8,180,84,113,0
4,37207,8,213,200,27,79,166,172,8,10,0
5,38895,8,177,66,241,79,73,227,128,210,1
6,59733,8,135,187,160,13,181,120,127,140,0
7,6976,8,50,230,110,35,32,196,199,1,1
8,54964,8,118,204,113,23,17,115,16,14,0
9,56137,8,125,50,8,55,120,67,145,58,0
10,47435,8,129,46,68,241,83,152,24,242,0
11,57017,8,230,127,45,170,124,221,157,89,1
12,9291,8,95,203,26,33,71,126,29,153,0
13,61010,8,93,115,115,186,191,141,32,77,1
14,54975,8,161,123,156,152,247,64,207,69,1
15,26967,8,7,157,136,226,221,141,105,47,0
16,26024,8,18,68,58,133,60,90,3,34,1
17,32925,8,221,247,155,201,42,167,14,61,0
18,51819,8,5,110,115,3,10,174,127,234,1
19,36007,8,97,221,82,89,154,12,253,100,1
20,27452,8,113,253,46,240,166,149,208,189,0
21,52353,8,111,195,114,79,16,39,60,135,0
22,8204,8,192,87,16,207,51,46,206,129,1
23,44347,8,228,106,64,255,85,180,20,252,0
24,30496,8,62,116,50,30,56,11,237,86,0
25,14658,8,15,27,37,29,125,67,247,40,1
26,48963,8,115,143,193,88,187,225,150,242,1
27,51184,8,161,12,6,252,208,30,43,249,0
28,23255,8,34,134,80,129,208,178,133,165,0
29,31266,8,37,158,40,4,237,51,161,165,0
30,30350,8,98,43,241,227,56,77,49,244,0
31,14815,8,203,56,39,71,59,41,167,165,0
32,44473,8,199,87,183,101,155,219,51,166,0
33,37182,8,155,28,48,155,232,27,117,119,1
34,8883,8,123,117,219,226,51,81,90,83,0
35,2672,8,159,14,50,97,146,0,112,9,1
36,12075,8,21,213,249,8,226,185,235,68,1
37,31580,8,64,60,241,10,23,46,64,169,1
38,38251,8,33,108,214,93,158,212,3,212,0
39,39358,8,153,221,163,243,11,216,23,66,1
40,29878,8,87,164,72,213,231,71,128,178,0
41,56557,8,179,69,218,196,104,168,99,154,1
42,43605,8,5,141,191,50,251,66,158,182,1
43,33370,8,98,183,212,37,17,37,165,176,1
44,60720,8,55,230,79,71,225,228,71,57,1
45,561,8,140,98,135,164,31,165,7,153,1
46,28787,8,214,181,99,193,187,145,174,15,1
47,28092,8,66,64,137,151,93,253,48,159,1
48,35295,8,251,242,229,4,180,141,161,98,0
49,9573,8,87,5,52,198,243,246,177,207,0
50,41458,8,220,186,218,13,39,38,101,195,1
51,25607,8,85,252,171,3,28,166,164,52,0
52,10259,8,62,79,10,52,26,113,251,220,0
53,53311,8,86,205,163,205,79,93,108,5,0
54,65365,8,121,159,136,195,217,1,20,99,0
55,48683,8,19,149,77,151,247,105,101,17,0
56,38291,8,22,141,22,86,24,8,219,242,0
57,33787,8,70,114,155,205,221,163,209,71,0
58,9539,8,166,77,152,168,87,95,61,169,1
59,62602,8,160,51,142,123,171,160,156,77,1
60,65010,8,21,74,140,126,53,53,243,124,1
61,7646,8,220,102,252,145,13,17,139,191,1
62,46189,8,214,93,56,126,53,138,55,22,1
63,44628,8,11,53,158,0,94,188,212,73,1
64,28664,8,134,54,203,134,212,251,90,209,1
65,49424,8,132,253,22,213,74,255,161,31,1
66,30433,8,129,92,153,28,229,116,44,194,0
67,59641,8,225,45,174,138,192,245,168,224,1
68,51779,8,35,120,0,132,213,148,41,165,0
69,35281,8,18,158,65,185,109,75,75,91,0
70,55876,8,98,238,169,13,172,190,72,250,1
71,43236,8,35,216,199,42,51,14,131,226,1
72,39283,8,245,65,92,97,57,218,165,71,0
73,35939,8,30,222,212,26,55,30,137,123,1
74,7573,8,151,86,248,11,229,85,134,185,1
75,35222,8,104,244,229,147,5,75,169,82,1
76,10234,8,171,209,65,92,251,36,95,7,1
77,55531,8,59,88,20,154,113,139,200,59,1
78,12496,8,102,91,137,80,136,38,105,233,0
79,51913,8,187,135,105,217,33,167,129,67,1
80,8483,8,222,215,71,156,186,75,166,124,1
81,17733,8,241,85,100,68,214,123,69,70,0
82,28142,8,105,88,129,78,94,239,13,85,1
83,32704,8,53,161,53,208,245,76,81,38,0
84,14698,8,203,153,244,197,54,179,203,185,1
85,63125,8,218,120,124,184,150,116,45,120,1
86,57744,8,202,203,213,138,117,224,47,176,1
87,10449,8,113,82,198,4,7,248,242,229,0
88,48639,8,65,231,16,248,71,97,71,26,1
89,45061,8,26,93,177,129,80,173,168,15,0
90,36771,8,237,150,238,44,83,103,26,216,1
91,26413,8,190,6,93,138,195,242,117,86,1
92,4528,8,16,249,199,141,207,81,189,210,1
93,29355,8,8,76,98,182,145,149,178,70,1
94,35515,8,131,187,213,137,25,98,58,76,1
95,15798,8,220,119,188,135,18,241,192,124,0
96,42293,8,185,44,149,248,210,197,50,63,0
97,61462,8,37,146,30,94,168,36,27,66,0
98,297,8,146,112,20,11,120,11,91,178,1
99,3336,8,136,62,240,188,81,163,156,20,0
100,12878,8,83,84,21,194,134,80,126,186,1
101,13433,8,167,165,167,161,106,71,197,114,0
3,40866,8,250,101,108,0,33,126,24,134,0
4,45344,8,71,11,183,134,21,102,16,38,1
5,41011,8,177,136,68,79,99,251,163,108,0
6,56458,8,4,151,156,212,191,193,145,93,0
7,979,8,84,39,100,254,83,195,12,12,0
8,46433,8,102,42,69,30,163,29,48,236,0
9,24879,8,83,166,118,132,104,149,138,162,1
10,45653,8,105,100,97,4,226,187,151,138,1
11,31196,8,124,121,166,11,143,6,133,250,1
12,40153,8,91,201,95,253,92,58,17,14,0
13,49873,8,94,45,252,248,96,28,80,137,1
14,13421,8,157,113,51,74,146,200,140,202,1
15,9521,8,115,41,159,213,132,177,13,182,0
16,25728,8,58,92,159,211,244,142,85,126,0
17,56375,8,223,171,161,12,121,47,249,30,1
18,37979,8,145,85,179,97,240,107,228,203,0
19,35799,8,26,170,172,144,88,119,190,236,1
20,2737,8,87,114,27,193,33,156,146,101,1
21,58680,8,42,32,158,44,128,153,187,214,0
22,16975,8,99,199,174,234,177,83,114,232,0
23,11133,8,228,140,27,190,194,130,91,119,0
24,6928,8,96,212,98,202,29,134,146,95,0
25,4070,8,116,152,39,20,255,39,250,134,1
26,40947,8,56,16,41,152,200,169,104,177,1
27,26582,8,38,235,206,70,203,68,35,139,0
28,54819,8,229,11,122,59,147,96,91,31,1
29,31398,8,32,173,207,200,154,24,46,99,0
30,56566,8,147,28,105,36,190,189,146,137,0
31,37130,8,105,103,188,186,129,115,140,70,1
32,3935,8,63,235,85,61,84,178,8,113,1
33,63694,8,170,234,44,15,87,130,59,168,1
34,53263,8,187,70,68,186,251,92,148,53,0
35,10300,8,171,200,227,75,160,120,3,155,0
36,11642,8,143,26,250,194,140,50,178,155,0
37,54663,8,184,210,20,195,194,46,134,224,0
38,61232,8,118,230,19,39,31,172,166,169,0
39,61493,8,30,130,149,113,202,29,84,61,1
40,2746,8,180,200,144,205,29,255,215,195,1
41,59564,8,185,89,203,167,87,117,6,182,0
42,57383,8,144,232,116,210,76,24,11,252,0
43,10191,8,47,73,251,227,215,254,239,133,1
44,34233,8,131,67,210,252,222,54,115,243,0
45,20286,8,26,174,81,93,127,222,233,82,0
46,20320,8,49,248,9,195,253,135,189,55,1
47,4865,8,127,245,224,251,57,61,107,139,1
48,15304,8,125,35,132,184,228,153,71,112,0
49,32345,8,193,66,79,213,254,170,40,229,1
50,5742,8,219,116,253,127,47,90,213,62,0
51,49638,8,118,191,35,229,168,171,2,91,1
52,20234,8,45,16,229,136,229,195,37,57,1
53,48401,8,84,178,80,158,199,156,49,186,1
54,8373,8,130,149,172,2,191,168,241,40,0
55,24113,8,243,61,47,149,205,70,48,161,1
56,5123,8,195,202,198,155,164,221,77,221,0
57,62789,8,234,223,215,13,140,3,48,193,1
58,29275,8,26,0,218,95,125,121,32,165,0
59,59233,8,184,172,185,74,45,177,38,55,0
60,55123,8,181,16,221,10,243,135,132,66,1
61,4404,8,242,240,164,190,51,192,151,195,0
62,47141,8,174,120,172,96,1,56,162,118,1
63,44051,8,237,158,192,251,36,87,133,132,1
64,20386,8,16,23,2,111,9,38,109,47,1
65,25276,8,62,10,218,181,15,11,217,186,0
66,23263,8,140,56,253,96,150,123,241,100,1
67,50251,8,168,248,227,116,155,194,130,237,0
68,8459,8,28,105,74,32,202,60,53,174,0
69,44980,8,115,144,55,224,250,99,132,121,0
70,23410,8,185,149,181,69,90,3,28,124,0
71,7450,8,114,103,110,59,231,73,183,54,0
72,40886,8,153,142,176,143,35,61,127,20,1
73,50252,8,128,222,218,134,70,60,135,137,0
74,55340,8,197,68,179,128,105,174,16,67,0
75,45451,8,19,131,174,114,181,184,49,185,0
76,13095,8,112,174,47,210,130,132,145,251,0
77,34204,8,99,147,172,31,19,112,48,1,0
78,47462,8,51,138,164,103,67,176,111,5,1
79,18385,8,200,69,55,54,156,218,197,245,0
80,44297,8,66,243,240,149,224,88,78,147,1
81,43261,8,246,80,6,227,199,163,49,250,1
82,20005,8,151,87,129,190,96,91,251,211,0
83,17622,8,56,40,72,161,80,29,246,13,1
84,21980,8,231,1,138,233,30,59,129,174,1
85,54538,8,13,89,225,200,245,38,56,232,0
86,48505,8,83,160,6,111,22,74,84,147,0
87,4924,8,217,170,87,222,14,199,2,254,1
88,10623,8,5,172,106,155,233,209,131,188,0
89,41982,8,214,51,91,35,234,5,248,191,1
90,37867,8,188,61,26,169,174,242,107,41,0
91,24130,8,118,206,64,220,233,41,103,234,0
92,46437,8,234,66,248,153,104,164,228,40,1
93,13043,8,133,70,30,2,249,194,197,177,0
94,5293,8,226,225,200,180,222,249,217,240,1
95,13666,8,220,192,229,36,235,231,149,122,1
96,50689,8,250,65,1,211,80,155,62,147,0
97,16736,8,30,238,16,18,203,140,0,92,1
98,7214,8,174,9,141,14,225,184,90,23,0
99,19425,8,34,37,153,125,124,120,233,29,1
100,62786,8,22,234,68,152,54,90,188,21,0
101,58938,8,195,183,238,155,224,248,97,156,0
102,59426,8,95,98,33,171,196,148,52,136,1
4,6828,8,89,13,110,205,249,73,95,37,0
5,8532,8,227,210,94,179,0,235,214,137,1
6,49292,8,137,242,149,180,141,94,2,236,0
7,16554,8,22,237,240,143,59,202,207,62,0
8,64314,8,106,59,233,84,224,187,173,98,0
9,12402,8,255,158,93,39,93,155,187,89,0
10,23453,8,106,76,32,58,138,139,8,31,0
11,938,8,223,133,155,3,237,5,19,8,0
12,27233,8,19,48,233,14,113,134,240,12,0
13,4183,8,220,72,56,149,93,203,115,70,0
14,36383,8,30,151,173,102,128,195,116,64,0
15,58217,8,117,163,132,77,192,137,179,22,0
16,44093,8,243,193,92,137,19,99,145,131,0
17,37179,8,148,69,156,244,28,194,239,196,0
18,40283,8,193,89,8,51,173,234,232,210,1
19,50505,8,214,85,196,19,189,193,205,16,1
20,28185,8,181,210,39,147,183,223,24,0,1
21,4947,8,114,135,8,16,51,97,69,130,1
22,42278,8,91,188,22,126,182,33,44,80,1
23,11369,8,47,129,81,162,67,215,39,177,0
24,5926,8,204,249,196,181,60,217,53,25,0
25,24097,8,46,15,77,73,43,44,120,189,1
26,60362,8,214,108,160,164,243,14,218,187,1
27,37193,8,56,50,74,120,212,137,123,208,1
28,41439,8,133,160,86,113,44,98,14,31,1
29,3959,8,131,168,32,36,137,248,159,88,0
30,58440,8,251,167,155,49,241,144,107,179,1
31,50578,8,24,24,101,197,146,204,164,240,1
32,60901,8,9,74,40,224,39,3,178,14,0
33,5696,8,128,86,220,196,162,221,12,202,0
34,39981,8,81,86,44,186,170,223,220,126,0
35,24890,8,217,160,189,209,202,33,177,225,0
36,33608,8,227,58,177,64,69,192,167,80,0
37,49530,8,51,22,18,119,167,217,97,3,1
38,791,8,114,234,129,118,135,121,39,35,0
39,26474,8,103,155,191,2,1,115,227,79,0
40,63831,8,226,249,53,169,5,231,60,76,0
41,16567,8,19,58,47,62,25,6,42,174,0
42,22341,8,180,112,228,89,247,208,63,237,1
43,9347,8,155,0,161,129,185,31,191,52,1
44,52747,8,3,229,182,33,80,175,203,108,1
45,24303,8,103,102,181,244,112,91,216,183,1
46,6684,8,30,53,18,153,68,21,239,164,0
47,14290,8,123,157,129,216,202,183,242,246,0
48,10565,8,189,253,101,152,252,232,53,255,1
49,57481,8,144,223,206,251,195,173,86,183,0
50,61450,8,148,236,74,131,95,150,213,83,1
51,30839,8,191,228,12,146,235,181,120,144,1
52,20121,8,149,163,209,90,2,72,64,159,0
53,35400,8,174,95,167,138,201,12,68,61,0
54,13236,8,68,176,61,221,129,193,110,178,1
55,25285,8,131,210,76,101,206,4,221,132,1
56,22265,8,95,238,128,134,5,175,210,167,0
57,10999,8,104,211,162,14,252,123,65,201,1
58,36008,8,60,11,104,65,80,229,37,8,1
59,1946,8,64,88,27,97,18,244,10,207,1
60,63526,8,81,246,151,144,40,52,209,8,0
61,60753,8,224,234,118,89,138,102,18,21,0
62,18382,8,45,141,194,55,221,187,32,132,0
63,44451,8,198,17,215,183,178,5,125,200,0
64,63259,8,79,241,0,25,211,11,237,221,1
65,8586,8,147,160,215,148,235,193,12,148,1
66,17176,8,214,219,53,62,130,151,146,251,0
67,9849,8,164,189,195,162,129,140,113,123,0
68,39123,8,210,42,135,164,99,192,1,161,0
69,22911,8,51,141,94,154,17,81,199,115,0
70,664,8,44,25,226,151,57,188,157,25,1
71,42533,8,43,44,184,95,172,26,41,193,0
72,14595,8,156,177,79,13,59,131,79,0,1
73,23504,8,22,197,154,176,65,215,176,114,1
74,36457,8,10,92,109,109,8,148,133,237,0
75,15976,8,162,239,123,210,247,6,84,29,1
76,34644,8,251,39,237,135,232,186,76,213,0
77,28541,8,100,29,202,200,60,15,138,180,1
78,62294,8,92,188,228,151,77,22,43,53,1
79,34177,8,203,155,235,229,193,212,154,81,1
80,28860,8,202,34,203,220,88,107,237,139,0
81,38829,8,13,236,70,211,32,52,178,81,0
82,21425,8,8,215,128,189,124,90,127,39,0
83,25842,8,219,104,38,124,85,153,38,27,1
84,24167,8,188,22,198,51,112,224,4,46,1
85,6219,8,14,138,31,119,247,234,176,202,1
86,41343,8,138,199,34,186,146,17,135,123,0
87,47488,8,59,83,53,27,25,5,109,83,0
88,26711,8,2,93,38,158,210,29,107,44,1
89,54923,8,12,88,41,2,136,87,69,36,1
90,27870,8,37,194,82,176,217,153,119,208,1
91,33126,8,150,12,101,186,181,196,94,206,0
92,27286,8,24,205,53,3,124,121,16,109,1
93,51091,8,105,136,228,122,106,244,193,251,1
94,940,8,144,251,42,154,68,254,133,200,0
95,17023,8,247,187,33,23,226,153,94,109,0
96,53098,8,206,164,191,125,176,194,226,130,1
97,41495,8,118,189,116,222,175,186,26,251,1
98,29350,8,218,12,183,77,34,212,24,171,0
99,64622,8,80,124,154,151,86,113,54,115,0
100,64868,8,85,184,64,205,196,40,218,91,1
101,25850,8,38,133,48,16,116,70,240,55,0
102,24947,8,32,68,61,207,118,215,78,91,0
103,29298,8,212,250,225,240,215,179,56,159,1
5,62419,8,81,75,133,5,92,125,127,53,0
6,45138,8,181,37,107,151,98,171,180,254,0
7,63983,8,168,204,197,209,104,173,5,111,1
8,54615,8,44,204,151,203,183,160,157,229,0
9,1905,8,26,198,119,64,74,12,220,124,0
10,7418,8,220,251,202,84,204,173,191,104,1
11,40350,8,3,134,50,163,218,19,90,213,1
12,43839,8,45,161,59,77,117,27,87,43,1
13,18671,8,183,110,56,218,230,20,216,218,0
14,5781,8,117,207,62,71,73,13,135,245,1
15,9012,8,68,223,176,158,208,118,76,172,1
16,8872,8,105,242,146,145,84,14,175,30,1
17,37509,8,163,31,235,21,23,251,200,52,1
18,12336,8,163,197,87,160,47,77,71,104,1
19,64349,8,4,52,35,111,165,233,188,229,0
20,43831,8,206,228,217,225,113,162,247,13,0
21,25327,8,49,4,183,70,12,215,210,133,1
22,38544,8,140,67,184,8,210,73,108,74,0
23,44577,8,234,35,38,177,6,3,174,148,1
24,11157,8,140,1,176,130,129,64,85,174,1
25,24451,8,220,119,149,37,74,91,42,10,0
26,6902,8,16,138,191,119,60,231,119,22,0
27,17054,8,13,186,187,124,62,52,18,36,1
28,41508,8,69,14,111,184,43,159,202,68,0
29,59480,8,55,100,69,215,68,176,234,51,0
30,24841,8,132,12,2,100,211,163,121,106,1
31,46753,8,53,48,174,188,166,214,134,226,1
32,10393,8,33,211,199,160,164,33,63,208,0
33,28011,8,242,142,193,217,93,184,172,46,1
34,48131,8,108,129,140,67,44,67,165,141,0
35,47669,8,166,67,206,9,104,154,83,224,0
36,54342,8,193,113,0,41,81,98,42,80,0
37,46040,8,45,81,223,241,148,193,170,64,1
38,7524,8,48,115,48,95,105,90,113,133,0
39,28295,8,11,253,68,71,155,220,229,198,0
40,2785,8,242,226,26,2,137,42,33,136,1
41,22245,8,65,222,200,237,56,32,182,2,1
42,60845,8,70,196,25,195,1,21,34,23,1
43,55252,8,92,212,223,134,118,26,169,113,0
44,29392,8,45,105,219,90,135,57,161,133,0
45,1735,8,114,145,123,184,119,46,73,168,1
46,35289,8,80,215,65,45,16,61,68,229,0
47,8180,8,249,86,57,82,133,212,156,153,0
48,14263,8,12,250,233,16,191,78,168,133,0
49,7801,8,96,66,85,192,198,207,202,35,0
50,59740,8,67,251,7,54,139,1,208,118,0
51,49560,8,136,151,219,206,149,224,232,38,1
52,19574,8,163,44,3,245,81,45,249,102,0
53,64483,8,241,85,252,227,36,203,98,196,1
54,44675,8,109,42,137,191,72,119,39,214,1
55,63610,8,119,110,47,71,95,33,50,64,1
56,43091,8,136,122,106,158,80,149,129,175,0
57,16568,8,123,216,47,211,245,44,197,23,1
58,32132,8,230,137,78,221,105,116,238,176,1
59,30900,8,171,35,107,90,135,28,197,47,1
60,37232,8,95,19,223,178,16,58,87,120,1
61,8747,8,170,34,74,7,133,59,213,11,0
62,9055,8,135,141,58,98,46,131,13,126,1
63,34875,8,241,195,206,181,223,242,56,225,0
64,39376,8,151,100,99,251,63,159,62,75,0
65,54524,8,19,132,90,34,202,220,52,47,0
66,9977,8,246,16,247,212,142,10,211,69,0
67,54163,8,170,9,73,167,11,219,63,75,0
68,32859,8,255,167,10,134,203,249,212,174,1
69,16452,8,131,207,108,196,123,192,16,145,1
70,49283,8,123,173,183,185,52,87,99,115,1
71,35622,8,31,189,135,162,51,175,89,216,0
72,27515,8,209,37,77,104,75,40,164,72,0
73,34506,8,214,218,151,160,208,228,220,94,0
74,23820,8,139,184,81,101,128,156,79,129,1
75,46785,8,40,43,69,161,221,216,207,129,1
76,4566,8,16,37,3,169,63,125,216,14,1
77,39357,8,176,17,151,237,4,127,46,75,0
78,9426,8,8,121,220,167,58,175,57,140,1
79,31884,8,54,123,202,103,141,124,244,253,1
80,13443,8,112,56,222,230,160,188,14,145,0
81,36105,8,200,105,42,120,95,68,85,8,1
82,37603,8,150,75,144,120,68,21,51,34,1
83,62665,8,165,67,85,118,41,76,110,231,1
84,51524,8,221,61,146,201,112,232,202,194,1
85,35287,8,135,122,214,193,176,211,159,241,1
86,64296,8,163,148,211,100,57,141,248,52,1
87,21506,8,247,106,86,20,8,114,69,234,1
88,5683,8,7,251,38,204,52,121,163,236,0
89,13287,8,226,61,35,217,169,15,185,213,1
90,2105,8,169,88,210,130,231,174,241,86,1
91,47793,8,5,183,41,34,37,147,78,90,1
92,27503,8,36,46,162,75,255,131,226,89,0
93,46474,8,77,211,246,121,184,156,226,58,1
94,18055,8,136,86,146,98,70,253,181,90,1
95,56737,8,210,82,182,11,156,246,124,218,1
96,64903,8,64,153,54,212,66,147,52,91,0
97,10862,8,234,108,223,139,179,40,224,109,1
98,60604,8,5,38,127,199,39,184,117,29,1
99,42901,8,68,37,65,178,141,148,34,72,1
100,34567,8,235,66,107,197,239,229,225,35,0
101,38437,8,144,185,26,180,82,30,137,72,1
102,11899,8,195,114,60,235,116,74,39,49,0
103,5442,8,43,117,119,111,70,216,188,28,0
104,47504,8,165,38,93,220,206,87,134,236,1
6,30224,8,238,54,139,37,73,77,63,144,1
7,18469,8,186,212,234,198,225,219,112,144,0
8,63118,8,37,14,222,208,110,180,145,88,1
9,44913,8,148,37,50,234,128,81,8,110,1
10,50944,8,181,20,8,159,236,115,49,138,0
11,10789,8,212,183,163,214,69,191,11,10,0
12,34524,8,107,46,108,9,167,206,171,221,1
13,41482,8,128,129,85,179,65,65,82,147,0
14,9452,8,62,113,148,124,175,106,179,136,1
15,32456,8,117,254,50,24,74,130,158,135,1
16,12011,8,154,152,27,139,106,156,167,227,0
17,56468,8,200,51,247,237,237,56,179,192,1
18,60569,8,15,89,158,134,104,198,232,108,0
19,34462,8,200,110,163,15,14,45,231,211,1
20,40230,8,32,39,106,89,152,183,216,155,1
21,51622,8,114,71,128,160,1,120,218,249,0
22,29322,8,23,147,168,194,226,23,123,220,1
23,48069,8,143,76,173,231,43,204,228,3,0
24,43982,8,96,30,131,150,91,6,202,24,0
25,12344,8,180,230,100,163,101,90,52,165,0
26,23007,8,110,135,2,15,51,97,104,141,0
27,25849,8,209,31,247,169,32,149,71,253,0
28,15213,8,160,103,56,12,127,197,144,14,0
29,28023,8,97,221,226,130,100,32,235,92,0
30,52899,8,159,214,150,31,201,17,183,46,0
31,40271,8,250,95,78,215,131,208,164,5,1
32,25925,8,190,52,42,117,160,109,196,7,0
33,31066,8,138,122,248,165,176,86,249,168,0
34,7662,8,238,232,118,27,63,88,139,178,0
35,22058,8,131,129,245,158,173,92,207,5,1
36,49626,8,191,248,193,219,22,183,231,180,1
37,39561,8,248,239,241,198,197,19,177,132,1
38,24096,8,31,162,222,121,10,41,174,163,0
39,60248,8,211,26,169,114,169,169,250,99,0
40,7398,8,218,71,128,162,23,159,160,238,0
41,40507,8,50,221,130,65,88,135,246,177,1
42,49758,8,56,189,219,35,1,248,79,85,1
43,28632,8,62,219,127,138,64,40,65,242,1
44,3980,8,161,144,166,113,212,252,77,130,0
45,8766,8,142,62,33,132,211,89,61,45,0
46,2492,8,224,50,19,176,96,137,215,213,1
47,7432,8,125,97,228,129,87,44,23,180,0
48,10839,8,30,55,92,248,73,255,32,78,1
49,11615,8,92,113,165,113,185,201,81,140,0
50,24540,8,115,245,17,176,146,227,43,175,1
51,23388,8,161,138,52,246,64,45,65,33,0
52,64893,8,149,139,181,63,48,18,224,246,0
53,65084,8,65,8,79,45,143,29,204,177,0
54,41783,8,228,214,34,41,224,64,146,155,0
55,62105,8,70,96,189,156,199,96,156,127,0
56,40668,8,149,106,160,20,178,148,23,5,1
57,5161,8,33,35,118,148,247,232,28,252,0
58,29917,8,187,50,248,79,7,13,162,83,1
59,20674,8,221,100,51,38,242,49,164,194,1
60,41462,8,32,189,102,67,155,160,108,161,1
61,61388,8,57,198,30,28,14,16,175,192,1
62,15970,8,52,191,26,159,198,63,207,54,1
63,47758,8,136,163,193,86,135,91,203,185,0
64,3528,8,23,137,244,193,151,134,38,107,1
65,22534,8,52,147,234,75,80,84,240,157,1
66,14107,8,4,247,34,193,209,102,34,71,1
67,48379,8,34,98,246,86,126,12,129,77,0
68,50119,8,26,230,71,159,173,48,131,60,0
69,37503,8,68,14,93,149,174,248,239,146,0
70,28340,8,127,28,132,68,197,129,65,234,1
71,37398,8,99,71,161,223,21,144,69,110,1
72,18348,8,125,211,73,214,110,205,236,39,1
73,64141,8,240,229,169,25,165,84,65,110,1
74,14605,8,170,197,64,130,73,231,192,50,0
75,1713,8,248,164,191,219,136,254,252,9,0
76,37807,8,193,41,34,98,10,193,163,99,0
77,5770,8,198,156,106,203,184,239,153,141,0
78,2139,8,239,118,122,23,15,232,41,154,1
79,51471,8,118,78,91,32,161,108,65,104,0
80,43629,8,181,202,216,38,187,198,92,163,0
81,16937,8,60,114,180,52,27,0,57,237,1
82,22805,8,196,144,249,245,89,127,118,178,1
83,48914,8,4,94,200,173,181,68,20,78,0
84,54145,8,87,53,147,20,214,51,24,71,0
85,12222,8,149,212,150,152,200,25,96,245,1
86,45481,8,217,127,6,112,125,235,207,178,0
87,50625,8,231,188,4,80,255,105,77,100,1
88,64925,8,208,94,120,117,226,22,8,125,0
89,7632,8,234,132,86,172,213,153,115,168,0
90,80,8,105,33,122,205,139,68,101,117,0
91,33826,8,184,89,236,130,164,117,255,45,1
92,10071,8,177,83,162,177,167,123,192,232,0
93,21977,8,52,36,36,168,35,242,152,228,0
94,45455,8,136,98,118,43,39,32,38,4,1
95,49988,8,148,114,162,153,103,152,219,141,1
96,9504,8,76,193,114,129,183,115,213,229,1
97,40112,8,182,12,120,159,28,180,133,189,1
98,52777,8,11,6,136,102,59,163,20,35,1
99,8915,8,182,2,138,92,80,204,185,34,0
100,41660,8,206,145,149,247,243,249,133,186,0
101,22360,8,130,73,91,18,236,57,95,233,0
102,10412,8,164,249,229,4,111,37,171,234,1
103,40880,8,44,152,115,26,162,140,152,213,1
104,27415,8,71,109,200,30,101,148,83,170,1
105,63598,8,220,105,200,199,171,177,210,192,1
7,24547,8,126,111,238,204,126,82,72,49,0
8,22614,8,73,195,221,162,183,165,215,93,1
9,50766,8,44,49,74,200,195,238,13,35,0
10,49782,8,247,160,223,220,17,239,216,226,1
11,34462,8,39,171,187,218,189,109,154,7,0
12,41134,8,64,153,240,18,29,59,185,64,0
13,34503,8,195,190,106,41,166,191,56,109,0
14,19772,8,151,58,193,34,28,169,5,91,1
15,15894,8,74,229,238,169,99,66,41,160,1
16,21729,8,193,221,108,130,108,109,110,22,0
17,58944,8,81,146,229,19,17,182,183,230,0
18,33150,8,164,11,244,225,28,96,193,24,0
19,21416,8,20,90,13,130,70,20,180,19,1
20,782,8,85,73,150,91,208,60,53,2,0
21,53593,8,147,34,194,39,57,54,190,74,1
22,38761,8,23,222,9,92,40,134,11,219,0
23,65436,8,110,83,111,148,112,89,154,244,1
24,60157,8,210,174,58,60,237,86,94,72,1
25,211,8,220,127,3,155,58,1,32,205,0
26,14347,8,186,106,129,176,219,165,216,241,1
27,20519,8,169,103,217,245,217,234,176,169,0
28,37184,8,83,29,12,111,63,185,96,219,0
29,8869,8,149,115,141,153,110,221,146,75,1
30,47416,8,103,34,97,162,26,209,235,128,0
31,3299,8,1,50,217,200,111,198,153,26,1
32,14577,8,95,59,5,46,230,156,103,245,0
33,42811,8,179,247,212,82,29,60,137,172,1
34,3307,8,217,208,100,231,202,21,231,217,1
35,3136,8,79,36,253,170,29,110,17,78,0
36,26621,8,147,220,101,62,98,142,111,201,0
37,38372,8,1,41,121,86,205,119,237,170,1
38,10587,8,245,58,190,143,27,174,221,113,0
39,26775,8,36,252,242,223,235,160,137,86,1
40,39974,8,159,144,224,35,154,84,130,43,1
41,40660,8,125,153,134,101,91,177,8,64,1
42,45702,8,198,12,82,161,136,50,182,54,1
43,24895,8,235,255,1,159,174,37,189,215,0
44,52417,8,197,62,204,237,102,24,253,157,1
45,18282,8,143,29,4,177,45,90,239,123,1
46,28331,8,53,151,235,135,38,204,226,120,1
47,1928,8,2,111,202,162,146,93,199,118,1
48,33942,8,129,65,42,102,20,171,126,13,1
49,37213,8,228,158,48,114,154,42,248,7,0
50,23997,8,51,196,28,33,62,242,222,175,0
51,43135,8,36,148,224,253,171,4,195,86,0
52,7986,8,173,96,20,101,242,102,197,27,0
53,6465,8,177,231,246,215,20,96,69,9,0
54,50535,8,189,154,100,82,207,85,171,113,1
55,23476,8,175,152,184,182,190,244,199,64,1
56,62978,8,31,171,88,19,198,24,153,57,0
57,5891,8,193,4,233,82,65,140,171,171,1
58,32359,8,188,226,144,39,146,62,2,150,1
59,32366,8,254,102,130,32,218,140,50,223,0
60,62179,8,50,54,78,46,143,26,11,0,1
61,48119,8,145,181,68,215,183,83,47,14,1
62,38425,8,101,0,52,20,233,24,10,103,1
63,55245,8,157,184,119,57,243,196,153,202,0
64,51576,8,106,120,134,136,102,219,66,161,0
65,48991,8,174,175,255,50,62,57,9,163,1
66,29095,8,4,105,193,155,133,157,238,206,1
67,9545,8,244,12,218,93,139,193,86,236,0
68,23375,8,184,160,132,79,137,53,9,36,0
69,47823,8,125,23,168,188,94,37,19,219,1
70,659,8,102,166,251,237,134,53,123,42,1
71,3975,8,248,74,23,136,44,174,222,194,1
72,64408,8,42,10,18,134,104,202,248,137,1
73,15357,8,134,106,88,132,107,232,156,172,0
74,56988,8,111,146,71,155,45,249,168,192,1
75,14776,8,168,78,57,165,107,164,201,125,0
76,29981,8,112,190,185,195,107,237,2,160,0
77,40830,8,241,227,145,84,59,190,207,89,0
78,43235,8,17,136,196,92,101,204,47,198,1
79,63389,8,224,160,22,226,185,212,83,255,1
80,5755,8,164,51,211,188,247,0,227,42,1
81,15507,8,171,117,171,119,244,179,232,168,1
82,52313,8,100,27,30,5,53,128,193,196,0
83,1075,8,216,8,19,108,31,215,68,49,0
84,36105,8,79,146,124,213,83,249,84,208,0
85,40051,8,247,212,161,105,92,62,34,200,0
86,21776,8,69,219,142,187,13,158,224,103,0
87,2216,8,99,182,85,162,173,86,249,138,0
88,29326,8,209,59,70,20,159,250,85,131,1
89,9515,8,82,40,124,219,67,176,44,140,1
90,33781,8,145,19,151,150,88,138,152,147,1
91,12401,8,65,198,160,159,248,33,18,221,1
92,48920,8,9,52,136,225,166,125,100,210,1
93,50436,8,209,142,94,117,86,133,34,136,0
94,53278,8,113,22,249,130,77,253,209,190,0
95,19587,8,254,166,239,150,123,245,156,255,1
96,50909,8,74,214,178,75,144,111,111,208,0
97,7594,8,29,251,66,11,252,198,227,228,1
98,58198,8,162,25,76,211,183,28,224,183,1
99,55694,8,53,140,195,254,195,196,150,228,1
100,19151,8,227,174,95,69,160,53,226,216,1
101,42716,8,62,30,158,153,175,53,176,227,1
102,6733,8,224,163,174,247,206,194,5,11,0
103,4673,8,131,242,216,220,140,141,114,136,1
104,2379,8,55,57,57,24,167,100,89,63,1
105,41271,8,218,107,153,109,57,70,48,237,0
106,34357,8,75,50,5,3,245,33,61,174,0
8,17392,8,58,10,192,192,101,59,10,185,0
9,23537,8,53,77,213,100,40,87,62,81,1
10,57049,8,142,168,255,8,49,210,114,2,0
11,2485,8,45,111,205,184,68,226,53,140,1
12,31516,8,224,60,71,92,249,226,7,44,1
13,23831,8,145,117,112,163,37,187,159,115,1
14,43356,8,158,193,65,196,124,156,58,72,0
15,62910,8,19,108,225,87,226,13,85,169,1
16,54546,8,223,194,139,58,212,107,35,205,1
17,4376,8,144,111,245,138,107,151,191,244,0
18,24364,8,197,79,178,191,28,191,221,197,0
19,26564,8,91,12,52,12,199,235,242,201,0
20,57649,8,58,198,233,226,161,62,90,218,1
21,56819,8,41,27,129,92,190,161,204,243,0
22,13585,8,117,152,110,238,189,5,29,149,1
23,48719,8,86,186,72,80,117,38,173,92,1
24,56868,8,79,163,225,166,215,180,152,91,0
25,28502,8,62,163,180,168,147,70,239,3,0
26,10452,8,138,70,236,103,144,24,99,78,1
27,55970,8,205,106,66,68,80,39,232,24,1
28,26847,8,99,60,11,59,75,222,102,96,0
29,553,8,114,241,136,117,51,175,143,154,0
30,37334,8,83,36,84,234,208,100,59,187,1
31,8798,8,163,253,18,5,81,156,212,54,0
32,11339,8,70,248,100,142,190,87,188,161,1
33,2766,8,253,5,43,46,223,64,151,11,0
34,11477,8,207,166,242,184,24,185,222,162,0
35,30663,8,123,98,177,182,7,33,193,43,1
36,38385,8,92,109,216,247,193,164,172,243,1
37,58984,8,192,233,26,213,127,138,232,73,1
38,42800,8,135,56,60,187,204,136,10,222,0
39,63688,8,116,155,178,52,201,59,11,253,0
40,11743,8,40,162,44,37,183,243,201,63,0
41,19612,8,25,53,37,109,131,191,138,191,0
42,9549,8,151,138,174,252,115,61,123,254,1
43,15897,8,182,77,174,65,136,152,252,44,0
44,47481,8,224,77,100,106,87,147,167,40,1
45,29676,8,96,150,13,66,102,124,151,252,0
46,32447,8,164,245,51,39,85,30,111,120,0
47,15802,8,105,233,208,246,116,186,49,16,1
48,18780,8,33,4,245,218,78,223,152,106,1
49,62795,8,69,136,175,112,165,8,0,25,1
50,44912,8,224,235,214,56,70,49,38,238,1
51,4029,8,238,159,37,74,115,30,15,38,1
52,5170,8,94,63,71,148,231,168,84,108,0
53,37437,8,243,62,231,242,37,40,63,246,0
54,19524,8,55,64,64,210,174,28,68,136,1
55,2980,8,113,242,161,159,25,226,27,66,1
56,43232,8,171,171,27,230,122,79,70,47,1
57,53,8,124,90,150,186,144,116,35,41,1
58,15766,8,209,181,234,246,100,176,110,209,0
59,15613,8,29,205,183,201,240,153,63,134,0
60,4202,8,224,3,248,204,80,158,181,161,1
61,3048,8,222,254,32,119,78,54,49,193,0
62,1444,8,98,100,105,160,15,244,131,83,1
63,45851,8,248,97,222,168,115,47,247,108,0
64,53928,8,245,109,156,40,197,184,67,132,0
65,20910,8,64,114,149,9,167,84,221,50,0
66,56356,8,216,151,17,23,90,52,248,53,1
67,26689,8,232,171,140,98,198,187,212,11,1
68,47241,8,216,70,119,109,131,87,244,190,1
69,33403,8,114,75,207,65,13,238,143,111,0
70,42116,8,131,153,136,128,38,37,192,177,1
71,20614,8,83,103,223,183,95,29,42,50,1
72,4332,8,109,7,239,48,78,21,154,213,0
73,40420,8,114,182,148,12,113,207,43,181,1
74,63063,8,196,109,112,242,204,255,119,125,1
75,5836,8,140,72,244,236,78,188,249,148,0
76,1429,8,157,52,85,60,93,70,115,3,1
77,3507,8,183,255,210,210,225,112,216,123,1
78,64950,8,97,251,229,84,238,163,226,139,0
79,52967,8,237,240,239,91,172,199,95,142,0
80,232,8,242,138,71,40,227,125,3,15,0
81,50444,8,241,69,10,2,64,154,74,205,1
82,12483,8,242,204,20,110,90,62,204,234,1
83,34562,8,234,146,229,67,193,137,200,174,0
84,21501,8,84,72,245,17,50,2,214,79,1
85,10582,8,31,160,160,224,227,136,183,200,1
86,1402,8,212,124,18,150,52,94,14,190,1
87,55013,8,79,184,127,122,158,94,74,34,1
88,22006,8,30,93,95,202,59,36,33,4,1
89,32027,8,210,81,174,218,209,31,40,251,1
90,57224,8,36,198,33,249,169,217,234,76,0
91,60404,8,43,76,137,119,227,108,248,43,0
92,49384,8,122,4,110,238,197,162,201,215,0
93,28592,8,151,21,65,50,220,109,180,249,1
94,23279,8,76,222,241,75,183,91,243,1,1
95,30532,8,205,67,239,221,123,107,30,129,0
96,39513,8,205,2,65,180,28,141,230,84,0
97,34942,8,184,197,88,133,1,54,230,188,0
98,1479,8,217,232,197,230,37,88,162,226,1
99,33260,8,217,245,183,108,124,148,20,249,0
100,28438,8,24,59,50,0,219,98,83,215,0
101,57857,8,100,232,221,2,224,104,124,11,1
102,55379,8,228,112,65,19,98,22,82,56,0
103,38382,8,62,77,66,90,92,27,183,61,0
104,14474,8,249,68,195,0,117,223,242,73,0
105,10473,8,241,229,195,98,21,140,160,56,0
106,3341,8,142,253,48,153,153,83,161,63,0
107,43665,8,81,174,179,90,93,228,116,100,0
9,46339,8,18,176,132,177,166,55,203,222,0
10,40603,8,164,99,28,224,92,7,193,64,0
11,53191,8,167,164,15,163,63,168,65,2,1
12,14625,8,92,31,202,106,16,191,3,71,0
13,42938,8,126,157,160,175,96,192,252,110,1
14,26643,8,37,232,64,193,238,189,98,165,0
15,2520,8,37,121,210,227,160,220,223,91,1
16,56759,8,109,186,112,139,127,85,63,184,1
17,53893,8,223,37,140,218,204,9,236,250,0
18,15804,8,103,210,202,86,112,121,24,109,0
19,18890,8,25,241,52,97,210,201,225,88,0
20,49334,8,19,162,219,187,184,34,60,141,0
21,34549,8,197,37,2,18,140,147,7,226,1
22,7450,8,109,175,17,6,130,206,231,217,0
23,47127,8,67,89,47,78,85,106,97,233,1
24,10212,8,10,115,47,239,148,146,56,129,1
25,23202,8,3,151,33,201,29,2,144,209,0
26,33938,8,202,43,95,58,40,20,228,1,1
27,37302,8,7,250,185,194,118,191,208,46,0
28,13441,8,240,125,214,18,255,206,119,206,1
29,56079,8,155,106,51,7,73,59,50,143,1
30,45670,8,110,26,196,165,11,23,152,23,1
31,4990,8,70,221,240,229,223,210,96,146,1
32,59437,8,31,190,0,57,137,160,59,16,0
33,26314,8,253,65,222,146,245,125,124,153,1
34,33942,8,37,249,117,169,191,220,215,82,1
35,22634,8,85,218,121,96,236,224,115,32,0
36,13879,8,192,168,30,55,45,242,54,154,0
37,6096,8,153,208,96,16,219,193,44,158,0
38,199,8,81,142,181,136,178,177,220,27,0
39,15758,8,135,176,148,142,88,35,193,116,1
40,3106,8,10,242,245,35,55,144,43,85,0
41,58158,8,177,62,208,8,199,203,151,133,0
42,55341,8,47,101,170,157,18,47,215,185,0
43,28444,8,73,52,162,83,99,180,13,192,0
44,27344,8,176,87,117,4,23,5,138,152,0
45,30283,8,255,54,24,198,56,98,141,23,1
46,2090,8,4,11,227,76,162,127,219,132,1
47,37482,8,124,44,112,180,28,65,47,252,1
48,50394,8,120,139,151,252,30,69,69,235,1
49,17953,8,208,127,48,67,7,15,254,16,0
50,1648,8,174,32,105,79,87,13,143,198,0
51,24218,8,97,119,29,66,242,88,211,155,0
52,44249,8,39,135,113,13,132,246,112,142,1
53,36845,8,9,60,25,34,104,162,125,2,1
54,50672,8,1,38,210,238,2,20,113,137,1
55,38026,8,23,64,14,58,135,13,107,106,0
56,2097,8,138,93,207,191,12,94,36,48,1
57,21907,8,31,68,71,16,170,226,154,3,0
58,49175,8,32,105,8,71,47,87,17,150,0
59,5531,8,210,160,104,110,28,92,98,196,0
60,49512,8,140,230,197,205,225,53,137,33,1
61,50677,8,58,47,118,243,206,39,185,230,1
62,21339,8,24,202,113,153,192,100,124,10,0
63,22391,8,210,224,114,15,255,207,136,162,0
64,39676,8,197,103,9,117,128,24,222,228,0
65,56760,8,247,125,198,175,150,112,239,147,1
66,36130,8,164,13,155,124,194,202,129,156,1
67,52738,8,146,146,35,18,172,134,246,111,0
68,56137,8,215,148,224,199,14,62,235,38,1
69,29300,8,217,92,1,81,66,239,57,89,1
70,20601,8,100,197,200,203,154,181,43,191,0
71,13733,8,24,48,162,40,113,199,185,56,0
72,23009,8,136,20,28,41,91,75,30,131,0
73,57767,8,133,234,56,196,100,235,96,142,0
74,19058,8,235,87,72,147,227,186,127,233,1
75,2481,8,211,88,214,227,98,241,124,195,1
76,60846,8,159,70,17,4,176,156,192,161,1
77,53198,8,144,251,214,55,49,67,19,188,1
78,58858,8,81,27,39,168,211,32,167,167,1
79,62991,8,200,215,105,199,161,253,79,255,0
80,13117,8,130,130,239,86,45,4,119,45,0
81,64247,8,116,25,79,151,64,42,254,228,0
82,24131,8,138,77,161,227,126,181,79,48,0
83,18641,8,68,36,101,243,197,254,64,23,0
84,10232,8,180,147,39,173,93,175,204,222,0
85,21480,8,99,43,170,110,8,49,177,167,0
86,30112,8,247,82,181,104,205,212,144,111,1
87,15401,8,57,157,180,55,114,80,247,26,0
88,51537,8,141,49,219,153,115,173,161,49,1
89,29951,8,201,252,32,165,81,182,63,58,1
90,19555,8,23,158,238,7,210,238,28,189,0
91,21463,8,158,121,165,121,109,119,82,110,0
92,36041,8,24,210,79,247,160,214,246,52,1
93,35737,8,97,75,51,46,199,164,234,231,0
94,35691,8,238,230,49,141,80,7,40,101,0
95,59986,8,177,247,61,189,85,170,140,153,1
96,28002,8,196,124,196,128,43,204,40,116,0
97,61002,8,65,188,107,32,11,119,44,230,1
98,47964,8,77,43,126,197,164,148,20,111,0
99,14453,8,168,26,54,53,7,226,19,252,0
100,58450,8,112,233,233,161,61,135,247,143,0
101,63612,8,73,78,38,100,58,40,51,0,1
102,37310,8,2,208,126,143,222,165,253,155,0
103,39205,8,147,56,255,177,174,55,49,127,1
104,20853,8,226,63,207,237,207,62,13,31,0
105,19575,8,90,84,18,225,8,103,136,122,1
106,48078,8,8,124,173,212,91,3,254,127,0
107,33867,8,43,112,11,51,206,221,243,86,0
108,9812,8,16,187,203,195,62,199,4,140,1
10,6458,8,31,219,94,162,34,31,102,150,0
11,42142,8,32,40,224,235,174,123,238,47,1
12,52035,8,142,83,222,128,58,92,25,116,0
13,26094,8,243,114,210,196,10,106,7,159,0
14,41355,8,247,81,132,57,66,235,160,16,1
15,53360,8,226,251,40,233,146,113,38,54,1
16,46988,8,194,61,25,143,22,185,242,208,1
17,54442,8,97,84,125,140,54,248,17,167,1
18,3694,8,230,16,186,123,134,227,4,206,0
19,51536,8,176,60,96,40,220,193,49,24,1
20,13905,8,175,102,50,177,198,150,244,172,0
21,65076,8,48,173,153,142,217,158,146,171,1
22,56027,8,113,54,75,188,102,159,251,210,0
23,32942,8,126,175,165,143,166,23,201,202,0
24,58392,8,183,230,78,234,31,146,104,199,0
25,15699,8,58,179,217,106,168,188,85,41,1
26,24043,8,164,244,120,5,1,52,22,15,0
27,16250,8,99,66,90,91,239,226,129,74,1
28,29244,8,75,87,27,27,103,66,182,242,1
29,2433,8,205,158,163,1,209,111,137,123,0
30,40785,8,114,77,7,253,17,112,210,107,1
31,31100,8,252,37,254,226,255,214,23,47,1
32,19842,8,195,21,145,240,187,27,155,22,0
33,18582,8,247,39,155,50,99,39,214,190,1
34,60685,8,71,138,178,32,166,113,49,214,1
35,42536,8,159,230,153,48,129,4,104,201,0
36,6776,8,198,77,115,170,34,81,94,76,1
37,36078,8,190,6,246,73,219,51,54,112,0
38,58173,8,48,99,50,173,237,54,20,60,1
39,45162,8,242,198,232,10,244,236,36,202,0
40,13498,8,211,2,102,138,182,163,130,191,0
41,17124,8,118,68,170,213,106,119,149,35,1
42,19840,8,28,201,121,1,11,225,203,168,0
43,50963,8,23,92,61,47,27,77,85,110,0
44,8321,8,138,54,107,88,159,77,134,251,1
45,20604,8,156,248,229,250,161,247,13,129,0
46,62445,8,35,43,81,100,48,20,247,32,1
47,53233,8,75,199,43,198,12,63,157,181,0
48,41100,8,108,64,240,233,162,180,194,151,0
49,49426,8,177,62,169,95,98,209,253,255,0
50,42798,8,247,152,100,41,89,178,221,75,1
51,35472,8,95,216,210,51,43,26,230,217,0
52,54914,8,184,183,27,60,226,208,78,24,1
53,36047,8,254,29,209,205,191,251,119,137,0
54,665,8,140,153,57,157,141,133,244,187,0
55,4675,8,57,132,196,113,155,134,30,94,1
56,9636,8,202,140,207,9,7,102,43,101,0
57,37271,8,254,29,215,246,103,66,195,84,1
58,11221,8,80,104,100,110,85,113,92,59,0
59,24340,8,113,136,23,153,158,98,31,14,1
60,42194,8,248,130,85,142,144,47,94,107,1
61,43196,8,126,203,50,7,77,198,17,141,0
62,41757,8,192,79,127,25,199,5,95,56,1
63,61272,8,104,126,182,221,154,8,130,46,0
64,24314,8,141,141,188,32,221,222,51,170,0
65,40448,8,193,38,29,218,65,97,129,207,0
66,25349,8,227,41,12,134,9,134,218,57,1
67,7203,8,192,105,25,246,103,225,196,137,0
68,61653,8,99,200,165,167,27,86,63,207,0
69,25055,8,110,65,97,73,122,205,226,41,1
70,58521,8,0,128,66,153,12,121,177,185,0
71,43891,8,184,244,248,211,216,141,8,161,1
72,48613,8,16,20,128,199,61,49,51,168,0
73,57498,8,181,35,209,159,51,186,159,155,1
74,58737,8,213,174,216,251,228,241,92,142,1
75,61245,8,183,234,26,250,113,206,18,245,1
76,30585,8,101,125,0,21,85,189,33,71,1
77,10638,8,150,215,79,245,215,229,81,230,1
78,6717,8,194,233,42,155,242,231,170,124,0
79,253,8,245,63,149,43,252,115,202,2,0
80,52172,8,120,75,173,75,198,48,215,149,1
81,43618,8,129,113,20,214,188,225,24,249,0
82,8815,8,131,174,166,144,52,148,106,31,1
83,18817,8,142,83,116,208,225,58,65,210,1
84,58142,8,26,183,230,59,174,220,126,70,1
85,65331,8,31,27,120,95,246,14,9,43,1
86,44100,8,241,218,239,75,66,35,234,103,1
87,21849,8,130,232,246,116,174,248,190,164,0
88,9818,8,50,104,75,40,45,7,23,3,0
89,61066,8,237,38,138,223,113,73,245,47,0
90,38449,8,178,217,134,40,21,65,22,99,1
91,8639,8,118,94,210,157,136,25,39,109,1
92,22768,8,201,105,161,247,121,41,6,172,1
93,38598,8,118,83,120,154,243,240,37,245,0
94,26589,8,116,101,42,52,16,45,86,103,1
95,48337,8,32,230,135,29,100,45,155,105,1
96,19099,8,142,156,83,70,224,139,102,183,0
97,43661,8,206,195,127,171,109,243,240,83,0
98,14231,8,75,86,176,94,176,223,219,50,0
99,45908,8,25,236,192,182,145,95,131,55,1
100,43423,8,202,81,27,220,92,237,118,18,0
101,16414,8,199,201,245,123,152,130,255,237,1
102,64949,8,154,224,166,129,13,157,204,105,1
103,51297,8,16,68,77,136,85,190,25,165,1
104,57213,8,129,169,177,242,136,9,145,168,1
105,4471,8,105,240,11,93,5,100,53,69,0
106,60186,8,46,117,220,218,152,51,32,118,0
107,1585,8,201,161,54,102,58,124,63,97,1
108,64061,8,142,69,44,110,229,8,230,199,1
109,2831,8,240,142,89,25,100,48,43,135,0
